NUMBER,LOCALITY,Dept/State,Country,Long,Lat,POP,Biome,Long_POP,Lat_POP,LB,LT,LH,LE,LM,BM1,LIF,BIF,BIT,BP,LN,BN,LIB,BB,BZP,DI,BOC,LPB,BOF,BR,BI,LI,BBU,LBB,CZL,LogLM,LogBM1,LogLIF,LogBIF,LogBIT,LogBP,LogLN,LogBN,LogLIB,LogBB,LogBZP,LogDI,LogBOC,LogLPB,LogBOF,LogBR,LogBI,LogLI,LogBBU,LogLBB,LogCZL
UMMZ 174824,"Margin of Rio Tebicuary, 1.2 Km upstream (E) Hotel Centu Cue (opposite margin)",Paraguari,Paraguai,-56.9,-26,PAR,FA,-56.84,-26.42,,,,,7.52,2.45,7.52,2.28,3.83,8.09,15.21,4.35,5.06,16.44,5.28,2.46,8.46,9.54,9.43,5.71,12.67,2.95,5.06,15.8,29.34,0.876217841,0.389166084,0.876217841,0.357934847,0.583198774,0.907948522,1.182129214,0.638489257,0.704150517,1.215901813,0.722633923,0.390935107,0.927370363,0.979548375,0.974511693,0.756636108,1.102776615,0.469822016,0.704150517,1.198657087,1.46746011
UMMZ 174822,"Margin of Rio Tebicuary, 1.2 Km upstream (E) Hotel Centu Cue (opposite margin)",Paraguari,Paraguai,-56.9,-26,PAR,FA,-56.84,-26.42,,,,,7.36,2.4,7.64,2.42,3.84,8,14.46,3.24,4.87,15.98,4.87,2.46,8.57,9.21,9.23,5.03,12.31,2.77,5.01,15.12,27.82,0.866877814,0.380211242,0.883093359,0.383815366,0.584331224,0.903089987,1.160168293,0.51054501,0.687528961,1.203576775,0.687528961,0.390935107,0.932980822,0.96425963,0.965201701,0.701567985,1.090258053,0.442479769,0.699837726,1.179551791,1.444357126
UMMZ 174863,"Estancia San Isidro, 5.56 Km NW of houses",Itapua,Paraguai,-55.8981,-26.4847,PAR,FA,-56.84,-26.42,,,,,7.57,2.66,8.36,2.6,3.81,8.92,15.53,4.32,4.36,15.46,5.25,2.61,8.19,9.31,8.94,5.25,10.06,2.96,5.34,14.86,29.88,0.87909588,0.424881637,0.922206277,0.414973348,0.580924976,0.950364854,1.191171456,0.635483747,0.639486489,1.18920949,0.720159303,0.416640507,0.913283902,0.968949681,0.951337519,0.720159303,1.002597981,0.471291711,0.727541257,1.172018809,1.475380593
MAM204,Lagoa Santa,Minas Gerais,Brasil,-41.969598,-18.055305,SP-SC-PR,FA,-46.06,-23.14,192,199,,22,7.22,2.31,6.66,2.73,4.21,8.11,15.73,4.76,4.92,15.66,5.5,2.27,8.7,10.54,9.06,5.36,11.96,3.44,5.65,15.44,28.8,0.858537198,0.36361198,0.823474229,0.436162647,0.624282096,0.909020854,1.196728723,0.677606953,0.691965103,1.194791758,0.740362689,0.356025857,0.939519253,1.022840611,0.957128198,0.72916479,1.07773118,0.536558443,0.752048448,1.188647296,1.459392488
MN 67110,"C‹rrego Argentini, Paulênia",SÊo Paulo,Brasil,-47.155804,-22.759853,SP-SC-PR,FA,-46.06,-23.14,,,46,22,7.84,2.5,8.57,2.99,3.52,9.4,16.03,4.11,5.22,17.29,5.4,2.27,8.12,9.55,9.48,5.29,9.65,3.06,5.24,15.86,30.89,0.894316063,0.397940009,0.932980822,0.475671188,0.546542663,0.973127854,1.204933522,0.613841822,0.717670503,1.237794993,0.73239376,0.356025857,0.909556029,0.980003372,0.976808337,0.723455672,0.984527313,0.485721426,0.719331287,1.200303183,1.489817908
MN 24173,"Faz Antonio Taino, bairro barranco, Taubat_",SÊo Paulo,Brasil,-45.551515,-23.024869,SP-SC-PR,FA,-46.06,-23.14,,,,,6.84,2.18,8.47,2.76,3.58,8.41,16.82,3.77,4.54,16.41,4.85,2.12,8.87,9.35,9.75,5.73,12.18,3.02,5.92,15.2,30.53,0.835056102,0.338456494,0.92788341,0.440909082,0.553883027,0.924795996,1.225825991,0.57634135,0.657055853,1.215108581,0.685741739,0.326335861,0.94792362,0.970811611,0.989004616,0.758154622,1.085647288,0.480006943,0.772321707,1.181843588,1.484726804
MN 67131,"Faz Antonio Taino, bairro barranco, Taubat_",SÊo Paulo,Brasil,-45.551515,-23.024869,SP-SC-PR,FA,-46.06,-23.14,,135,45,21,7.37,2.37,8.03,2.76,3.82,8.91,16.62,4.12,4.26,16.09,5.13,2.6,9.01,10.34,9.33,5.71,11.26,3.37,5.8,16.03,31.12,0.867467488,0.374748346,0.904715545,0.440909082,0.582063363,0.949877704,1.220631019,0.614897216,0.629409599,1.206556044,0.710117365,0.414973348,0.954724791,1.014520539,0.969881644,0.756636108,1.051538391,0.527629901,0.763427994,1.204933522,1.493039588
MN 67134,"Faz Honda, canal principal, lado esquerdo, Distrito Eugênio Mello, SÊo Jos_ dos campo",SÊo Paulo,Brasil,-45.878405,-23.191165,SP-SC-PR,FA,-46.06,-23.14,,170,44,20,7.23,2.18,6.88,2.6,3.56,8.12,14.21,3.84,4.77,15.66,4.55,2.43,8.01,9.68,8.49,4.87,12.07,2.79,5.88,14.29,27.56,0.859138297,0.338456494,0.837588438,0.414973348,0.551449998,0.909556029,1.152594078,0.584331224,0.678518379,1.194791758,0.658011397,0.385606274,0.903632516,0.985875357,0.92890769,0.687528961,1.08170727,0.445604203,0.769377326,1.155032229,1.440279213
MN 67117,"Faz Honda, SÊo Jos_ dos campo",SÊo Paulo,Brasil,-45.878405,-23.191165,SP-SC-PR,FA,-46.06,-23.14,,160,44,20,7.17,2.32,6.91,2.54,3.16,8.07,13.04,4.35,4.98,16.13,4.65,2.53,7.97,8.77,8.29,5.35,11.13,3.92,5.27,14.24,26.43,0.855519156,0.365487985,0.839478047,0.404833717,0.499687083,0.906873535,1.115277591,0.638489257,0.697229343,1.207634367,0.667452953,0.403120521,0.901458321,0.942999593,0.918554531,0.728353782,1.046495164,0.593286067,0.721810615,1.153509989,1.422097163
MN 24175,"Faz. Antonio Tavares, Taubat_",SÊo Paulo,Brasil,-45.551515,-23.024869,SP-SC-PR,FA,-46.06,-23.14,,180,46,21,7.12,2.32,7.74,2.61,3.39,8.78,16.18,3.66,4.65,15.66,5.2,2.54,8.6,9.01,9.13,5.29,12.03,3.04,5.68,15.22,29.68,0.852479994,0.365487985,0.888740961,0.416640507,0.530199698,0.943494516,1.208978517,0.563481085,0.667452953,1.194791758,0.716003344,0.404833717,0.934498451,0.954724791,0.960470778,0.723455672,1.080265627,0.482873584,0.754348336,1.182414652,1.472463897
MN 67116,"Faz. Boa Esperança, Pindamonhangaba",SÊo Paulo,Brasil,-45.457445,-22.928668,SP-SC-PR,FA,-46.06,-23.14,155,140,,16,7.03,2.34,7,2.47,2.82,8.02,13.3,3.65,4.48,15.56,4.23,2.25,7.96,8.14,7.91,4.66,9.62,2.25,4.6,13.43,25.3,0.846955325,0.369215857,0.84509804,0.392696953,0.450249108,0.904174368,1.123851641,0.562292864,0.651278014,1.192009593,0.626340367,0.352182518,0.900913068,0.910624405,0.898176483,0.668385917,0.983175072,0.352182518,0.662757832,1.128076013,1.403120521
MN 67234,"Faz. Instituto Agronémico, Pindamonhangaba",SÊo Paulo,Brasil,-45.457445,-22.928668,SP-SC-PR,FA,-46.06,-23.14,,125,,,7.69,2.27,7.42,2.64,3.88,8.38,15.61,3.52,4.79,16.53,5.42,2.4,9.03,9.41,8.97,5.42,10.86,2.94,5.44,15.32,28.83,0.88592634,0.356025857,0.870403905,0.421603927,0.588831726,0.923244019,1.193402903,0.546542663,0.680335513,1.218272854,0.733999287,0.380211242,0.95568775,0.973589623,0.952792443,0.733999287,1.035829825,0.46834733,0.7355989,1.185258765,1.459844642
MN 67235,"Faz. Instituto Agronémico, Pindamonhangaba",SÊo Paulo,Brasil,-45.457445,-22.928668,SP-SC-PR,FA,-46.06,-23.14,,,,,7.44,2.21,7.82,2.52,3.08,8.11,14.14,3.47,4.59,16.08,5,2.29,7.94,7.86,8.15,5.09,10.25,4.01,5.14,14.28,27.11,0.871572936,0.344392274,0.893206753,0.401400541,0.488550717,0.909020854,1.150449409,0.540329475,0.661812686,1.206286044,0.698970004,0.359835482,0.899820502,0.895422546,0.911157609,0.706717782,1.010723865,0.603144373,0.710963119,1.154728207,1.433129518
MN 24174,"Faz. Jos_ Nan_, Caçapava",SÊo Paulo,Brasil,-45.703782,-23.101769,SP-SC-PR,FA,-46.06,-23.14,,162,45,21,7.14,2.25,7.66,2.56,3.4,7.88,14.02,4.03,4.45,15.88,4.88,2.41,8.76,8.5,8.12,5.04,9.57,3.44,5.04,14.19,27.91,0.853698212,0.352182518,0.88422877,0.408239965,0.531478917,0.896526217,1.146748014,0.605305046,0.648360011,1.200850498,0.688419822,0.382017043,0.942504106,0.929418926,0.909556029,0.702430536,0.980911938,0.536558443,0.702430536,1.151982395,1.445759836
MN 24170,"Faz. Kangutti, bairro do Rem_dio, Taubat_",SÊo Paulo,Brasil,-45.551515,-23.024869,SP-SC-PR,FA,-46.06,-23.14,190,132,46,21,7.03,2.12,7.15,2.46,3.47,8.28,14.39,3.74,4.48,15.69,4.68,2.35,8.27,9.02,8.59,5.44,11.56,3.39,5.14,14.62,28.1,0.846955325,0.326335861,0.854306042,0.390935107,0.540329475,0.918030337,1.158060794,0.572871602,0.651278014,1.195622944,0.670245853,0.371067862,0.91750551,0.955206538,0.933993164,0.7355989,1.062957834,0.530199698,0.710963119,1.164947373,1.44870632
MN 24177,"Faz. Sto Angelo, represa de Americana",SÊo Paulo,Brasil,-47.333333,-22.75,SP-SC-PR,FA,-46.06,-23.14,182,,47,19,7.42,2.24,7.94,2.87,3.32,8.09,16.93,3.98,5.27,16.26,5.11,2.38,8.46,8.43,8.68,5.43,11.26,2.84,5.21,14.83,27.59,0.870403905,0.350248018,0.899820502,0.457881897,0.521138084,0.907948522,1.228656958,0.599883072,0.721810615,1.211120541,0.7084209,0.376576957,0.927370363,0.925827575,0.938519725,0.73479983,1.051538391,0.45331834,0.716837723,1.171141151,1.4407517
MN 67106,"Faz. Sto Angelo, represa de Americana",SÊo Paulo,Brasil,-47.333333,-22.75,SP-SC-PR,FA,-46.06,-23.14,,190,45,20,7.48,2.24,7.61,2.74,3.65,8.34,15.52,4.52,4.57,16.92,5.28,2.45,8.36,9.35,9.53,5.73,12.52,3.2,5.16,15.35,29.46,0.873901598,0.350248018,0.881384657,0.437750563,0.562292864,0.921166051,1.190891717,0.655138435,0.6599162,1.228400359,0.722633923,0.389166084,0.922206277,0.970811611,0.979092901,0.758154622,1.097604329,0.505149978,0.712649702,1.18610838,1.469232743
MN 67108,"Gleba Jos_ Nan_, Bairro Sta Luzia, Caçapava",SÊo Paulo,Brasil,-45.703782,-23.101769,SP-SC-PR,FA,-46.06,-23.14,,,45,19,7.25,2.2,7.06,2.5,3.41,8.01,14.32,4.05,4.94,16.05,4.82,2.23,8.44,8.84,8.91,5.39,11.43,3.24,4.86,14.06,27.63,0.860338007,0.342422681,0.848804701,0.397940009,0.532754379,0.903632516,1.155943018,0.607455023,0.693726949,1.205475037,0.683047038,0.348304863,0.926342447,0.946452265,0.949877704,0.731588765,1.05804623,0.51054501,0.686636269,1.147985321,1.441380885
MN 67124,"Gleba Paulo Japonês, bairro barranco, Taubat_",SÊo Paulo,Brasil,-45.551515,-23.024869,SP-SC-PR,FA,-46.06,-23.14,,130,42,20,7.24,2.35,7.62,2.76,3.61,8.42,15.75,3.71,4.82,16.07,5.48,2.37,8.53,10.34,9.03,5.15,12.57,3.63,5.55,15,29.39,0.859738566,0.371067862,0.881954971,0.440909082,0.557507202,0.925312091,1.197280558,0.56937391,0.683047038,1.206015877,0.738780558,0.374748346,0.930949031,1.014520539,0.95568775,0.711807229,1.099335278,0.559906625,0.744292983,1.176091259,1.468199586
MN 67125,"Gleba Paulo Japonês, bairro barranco, Taubat_",SÊo Paulo,Brasil,-45.551515,-23.024869,SP-SC-PR,FA,-46.06,-23.14,,185,47,21,7.58,2.41,7.39,2.56,3.36,9.48,17.88,4.22,5.3,17.07,5.56,2.82,8.99,10.52,9.24,5.09,12.87,2.96,5.37,15.84,30.96,0.879669206,0.382017043,0.868644438,0.408239965,0.526339277,0.976808337,1.252367514,0.625312451,0.72427587,1.232233521,0.745074792,0.450249108,0.953759692,1.02201574,0.965671971,0.706717782,1.109578547,0.471291711,0.729974286,1.199755177,1.490800952
MN 67126,"Gleba Paulo Japonês, bairro barranco, Taubat_",SÊo Paulo,Brasil,-45.551515,-23.024869,SP-SC-PR,FA,-46.06,-23.14,,,,,6.52,2.25,7.7,2.79,3.45,9.26,17.23,4.09,4.8,15.87,5.21,2.46,8.61,9.96,9.07,5.48,12.03,3.06,5.75,14.96,30.41,0.814247596,0.352182518,0.886490725,0.445604203,0.537819095,0.966610987,1.236285277,0.611723308,0.681241237,1.200576927,0.716837723,0.390935107,0.935003151,0.998259338,0.957607287,0.738780558,1.080265627,0.485721426,0.759667845,1.174931594,1.48301642
MN 67127,"Gleba Paulo Japonês, bairro barranco, Taubat_",SÊo Paulo,Brasil,-45.551515,-23.024869,SP-SC-PR,FA,-46.06,-23.14,,155,46,22,7.17,2.34,7.64,2.68,3.59,9.53,16.16,4.07,5.2,16.38,5.32,2.86,8.05,9.63,9.4,5.73,12.55,3.27,5.2,15.46,30.79,0.855519156,0.369215857,0.883093359,0.428134794,0.555094449,0.979092901,1.208441356,0.609594409,0.716003344,1.214313897,0.725911632,0.456366033,0.90579588,0.983626287,0.973127854,0.758154622,1.098643726,0.514547753,0.716003344,1.18920949,1.488409689
MN 67128,"Gleba Paulo Japonês, bairro barranco, Taubat_",SÊo Paulo,Brasil,-45.551515,-23.024869,SP-SC-PR,FA,-46.06,-23.14,,,45,22,7.39,2.48,7.59,2.69,3.74,9.2,15.37,4.13,4.52,16.66,5.68,2.66,8.15,9.76,9.17,5.29,10.32,3.36,5.68,13.97,29.08,0.868644438,0.394451681,0.880241776,0.42975228,0.572871602,0.963787827,1.186673867,0.615950052,0.655138435,1.221674997,0.754348336,0.424881637,0.911157609,0.989449818,0.962369336,0.723455672,1.013679697,0.526339277,0.754348336,1.145196406,1.463594402
MN 67129,"Gleba Paulo Japonês, bairro barranco, Taubat_",SÊo Paulo,Brasil,-45.551515,-23.024869,SP-SC-PR,FA,-46.06,-23.14,,120,45,21,7.71,2.33,7.76,2.48,3.66,9.54,17.84,3.75,5.23,16.32,5.31,2.73,8.62,9.72,9.1,5.4,11.01,3.55,5.29,15.98,30.24,0.887054378,0.367355921,0.889861721,0.394451681,0.563481085,0.979548375,1.25139485,0.574031268,0.718501689,1.212720154,0.725094521,0.436162647,0.935507266,0.987666265,0.959041392,0.73239376,1.041787319,0.550228353,0.723455672,1.203576775,1.480581787
MN 67132,"Gleba Paulo Japonês, bairro barranco, Taubat_",SÊo Paulo,Brasil,-45.551515,-23.024869,SP-SC-PR,FA,-46.06,-23.14,,175,45,20,7.26,2.45,7.48,2.84,3.7,8.66,17.11,4.13,4.05,15.84,5.01,2.8,8.82,9.94,9.66,5.2,10.43,3.75,4.72,15.36,29.94,0.860936621,0.389166084,0.873901598,0.45331834,0.568201724,0.937517892,1.23325001,0.615950052,0.607455023,1.199755177,0.699837726,0.447158031,0.945468585,0.997386384,0.984977126,0.716003344,1.018284308,0.574031268,0.673941999,1.186391216,1.476251796
MN 67133,"Gleba Paulo Japonês, bairro barranco, Taubat_",SÊo Paulo,Brasil,-45.551515,-23.024869,SP-SC-PR,FA,-46.06,-23.14,,160,,17,7.22,2.26,7.19,2.52,3.22,8.32,14.16,3.73,4.44,15.57,4.56,2.29,8.26,8.69,8.74,4.99,10.57,3.67,5.55,13.86,27.39,0.858537198,0.354108439,0.85672889,0.401400541,0.507855872,0.920123326,1.151063253,0.571708832,0.64738297,1.192288613,0.658964843,0.359835482,0.916980047,0.939019776,0.941511433,0.698100546,1.024074987,0.564666064,0.744292983,1.14176323,1.437592032
MN 67136,"Gleba Paulo Japonês, bairro barranco, Taubat_",SÊo Paulo,Brasil,-45.551515,-23.024869,SP-SC-PR,FA,-46.06,-23.14,,181,47,20,6.73,2.08,6.95,2.33,3.31,8.13,14.21,3.42,4.76,16.07,4.92,2.51,8.17,8.76,8.27,4.95,11,2.6,5.52,13.69,26.85,0.828015064,0.318063335,0.841984805,0.367355921,0.519827994,0.910090546,1.152594078,0.534026106,0.677606953,1.206015877,0.691965103,0.399673721,0.912222057,0.942504106,0.91750551,0.694605199,1.041392685,0.414973348,0.741939078,1.136403448,1.42894429
MN 67137,"Gleba Paulo Japonês, bairro barranco, Taubat_",SÊo Paulo,Brasil,-45.551515,-23.024869,SP-SC-PR,FA,-46.06,-23.14,,159,40,21,7.5,2.32,7.59,2.57,3.43,7.86,15.07,3.5,4.59,15.49,4.76,2.43,8.17,9.48,8.99,4.78,11.21,3.14,5.29,14.35,27.48,0.875061263,0.365487985,0.880241776,0.409933123,0.53529412,0.895422546,1.178113252,0.544068044,0.661812686,1.190051418,0.677606953,0.385606274,0.912222057,0.976808337,0.953759692,0.679427897,1.049605613,0.496929648,0.723455672,1.156851901,1.439016728
MN 67139,"Linha de captura,Gleba Paulo Japonês, bairro barranco, Taubat_",SÊo Paulo,Brasil,-45.551515,-23.024869,SP-SC-PR,FA,-46.06,-23.14,,172,,19,7.22,2.22,6.91,2.67,3.37,8.4,15.37,3.94,4.71,16.2,4.91,2.36,8.13,9.4,9.06,5.55,11.63,3.56,5.83,14.31,27.87,0.858537198,0.346352974,0.839478047,0.426511261,0.527629901,0.924279286,1.186673867,0.595496222,0.673020907,1.209515015,0.691081492,0.372912003,0.910090546,0.973127854,0.957128198,0.744292983,1.065579715,0.551449998,0.765668555,1.155639634,1.445136969
MN 67111,Pindamonhangaba,SÊo Paulo,Brasil,-45.457445,-22.928668,SP-SC-PR,FA,-46.06,-23.14,,152,,,7.49,2.37,8.09,2.93,3.32,9.08,15.61,4.27,4.64,16.37,4.96,2.5,9.8,9.04,9.61,5.58,11.71,3.42,5.2,15.44,29.43,0.874481818,0.374748346,0.907948522,0.46686762,0.521138084,0.958085849,1.193402903,0.630427875,0.666517981,1.214048679,0.695481676,0.397940009,0.991226076,0.95616843,0.982723388,0.746634199,1.068556895,0.534026106,0.716003344,1.188647296,1.468790262
MN 67112,Pindamonhangaba,SÊo Paulo,Brasil,-45.457445,-22.928668,SP-SC-PR,FA,-46.06,-23.14,,108,40,16,7.37,2.04,6.49,2.57,2.78,7.29,11.73,3.29,4.53,15.14,4.31,2,7.92,8,7.79,4.73,11.09,3.59,4.97,13.31,24.27,0.867467488,0.309630167,0.812244697,0.409933123,0.444044796,0.862727528,1.069298012,0.517195898,0.656098202,1.180125875,0.63447727,0.301029996,0.898725182,0.903089987,0.891537458,0.674861141,1.044931546,0.555094449,0.696356389,1.124178055,1.385069776
MNHN 1991/632,SÊo Paulo,SÊo Paulo,Brasil,-46.63,-23.55,SP-SC-PR,FA,-46.06,-23.14,183,128,34.5,17,6.14,2,7.66,3.45,3.48,6.94,15.93,3.57,4.58,14.85,4.24,2.32,7.4,7.84,8.91,5.31,9.81,3.45,5.74,13.77,26.64,0.788168371,0.301029996,0.88422877,0.537819095,0.541579244,0.84135947,1.202215776,0.552668216,0.660865478,1.171726454,0.627365857,0.365487985,0.86923172,0.894316063,0.949877704,0.725094521,0.991669007,0.537819095,0.758911892,1.13893394,1.42553422
MNHN 1991/635,SÊo Paulo,SÊo Paulo,Brasil,-46.63,-23.55,SP-SC-PR,FA,-46.06,-23.14,180,150,41,18,6.81,1.96,8.03,3.14,3.66,6.68,15.79,4.06,5.02,14.51,5.04,2.43,7.85,8.73,9.72,5.43,9.24,2.2,5.78,14.05,26.97,0.833147112,0.292256071,0.904715545,0.496929648,0.563481085,0.824776462,1.19838213,0.608526034,0.700703717,1.161667412,0.702430536,0.385606274,0.894869657,0.941014244,0.987666265,0.73479983,0.965671971,0.342422681,0.761927838,1.147676324,1.430880946
MNHN 1991/633,SÊo Paulo,SÊo Paulo,Brasil,-46.63,-23.55,SP-SC-PR,FA,-46.06,-23.14,172,147,36,,6.7,2.09,8.52,2.9,3.69,7.36,15.12,3.41,4.88,14.88,4.93,2.32,7.45,7.51,9.24,4.71,10.11,2.43,5.98,13.75,25.86,0.826074803,0.320146286,0.930439595,0.462397998,0.567026366,0.866877814,1.179551791,0.532754379,0.688419822,1.172602931,0.692846919,0.365487985,0.872156273,0.875639937,0.965671971,0.673020907,1.004751156,0.385606274,0.776701184,1.138302698,1.412628521
MNHN 1991/631,SÊo Paulo,SÊo Paulo,Brasil,-46.63,-23.55,SP-SC-PR,FA,-46.06,-23.14,175,149,40,19,6.79,2.07,7.96,2.83,3.27,6.74,14.76,2.95,4.6,14.49,4.38,2.19,8,8.55,9.52,5.12,10.16,2.43,5.44,14.06,25.78,0.831869774,0.315970345,0.900913068,0.451786436,0.514547753,0.828659897,1.169086357,0.469822016,0.662757832,1.161068385,0.641474111,0.340444115,0.903089987,0.931966115,0.978636948,0.709269961,1.006893708,0.385606274,0.7355989,1.147985321,1.411282913
MNHN 1991/638,SÊo Paulo,SÊo Paulo,Brasil,-46.63,-23.55,SP-SC-PR,FA,-46.06,-23.14,173,147,39,16.5,6.95,2.08,7.72,2.7,3.41,6.89,14.73,3.47,5.03,14.3,5,2.47,7.7,8.73,9.08,5.35,8.7,2.7,5.67,13.52,26.22,0.841984805,0.318063335,0.8876173,0.431363764,0.532754379,0.838219222,1.168202747,0.540329475,0.701567985,1.155336037,0.698970004,0.392696953,0.886490725,0.941014244,0.958085849,0.728353782,0.939519253,0.431363764,0.753583059,1.130976692,1.418632687
BMNH 1909.12.1.24,Aj‹,Buenos Aires,Argentina,-56.9666667,-36.4,ARG,PA,-58.66,-34.57,161,162,42,21,7.85,2.63,6.92,2.17,2.84,8.03,12.28,3.47,4.17,14.72,4.62,2.25,8.74,8.56,8.36,5.13,9.75,2.58,5.91,14.12,26.45,0.894869657,0.419955748,0.840106094,0.336459734,0.45331834,0.904715545,1.089198367,0.540329475,0.620136055,1.16790781,0.664641976,0.352182518,0.941511433,0.932473765,0.922206277,0.710117365,0.989004616,0.411619706,0.771587481,1.149834697,1.422425676
BMNH 1909.12.1.25,Aj‹,Buenos Aires,Argentina,-56.9666667,-36.4,ARG,PA,-58.66,-34.57,195,204,44,21,7.69,2.47,7.7,2.22,3.77,8.33,14.36,3.39,3.88,16.28,5.68,2.67,8.54,8.78,10.21,4.91,10.12,2.97,6.65,14.4,29.23,0.88592634,0.392696953,0.886490725,0.346352974,0.57634135,0.920645001,1.15715444,0.530199698,0.588831726,1.211654401,0.754348336,0.426511261,0.931457871,0.943494516,1.009025742,0.691081492,1.005180513,0.472756449,0.822821645,1.158362492,1.465828815
BMNH 1909.12.1.72a,Aj‹,Buenos Aires,Argentina,-56.9666667,-36.4,ARG,PA,-58.66,-34.57,,,,,7.69,2.52,8.84,2.36,4.18,9,16.88,4.47,4.76,16.53,6.38,3.13,9.26,10.69,11.25,5.57,10.19,3.55,6.94,16.19,33.14,0.88592634,0.401400541,0.946452265,0.372912003,0.621176282,0.954242509,1.227372442,0.650307523,0.677606953,1.218272854,0.804820679,0.495544338,0.966610987,1.028977705,1.051152522,0.745855195,1.008174184,0.550228353,0.84135947,1.209246849,1.520352504
MACN 17866,Buenos Aires,Buenos Aires,Argentina,-59,-34.4,ARG,PA,-58.66,-34.57,,,,,7.7,2.42,8.54,2.39,4.18,8.91,15.89,3.43,4.72,16.11,6.19,2.67,8.78,9.77,9.55,5.51,11.91,3.41,6.08,15.21,31.61,0.886490725,0.383815366,0.931457871,0.378397901,0.621176282,0.949877704,1.201123897,0.53529412,0.673941999,1.20709554,0.791690649,0.426511261,0.943494516,0.989894564,0.980003372,0.741151599,1.075911761,0.532754379,0.783903579,1.182129214,1.499824496
MACN 15736,"Buenos Aires, 35km N.O. de Ayacucho",Buenos Aires,Argentina,-59,-34.4,ARG,PA,-58.66,-34.57,,166,48,21,7.56,2.59,8.93,2.5,4.07,8.3,14.35,3.53,4.29,16.07,5.88,2.85,8.59,9.34,9.87,5.26,10.59,2.33,6.05,15.24,30.89,0.878521796,0.413299764,0.950851459,0.397940009,0.609594409,0.919078092,1.156851901,0.547774705,0.632457292,1.206015877,0.769377326,0.45484486,0.933993164,0.970346876,0.994317153,0.720985744,1.02489596,0.367355921,0.781755375,1.182984967,1.489817908
BMNH 1917.6.1.14,"Isla Ella, Delta del Parana",Buenos Aires,Argentina,-58.7905006,-33.7895012,ARG,PA,-58.66,-34.57,206,199,46.5,23,7.99,2.67,8.38,2.63,4.12,8.26,15.41,4.49,4.86,15.31,5.16,2.74,8.14,10.31,11.02,5.3,9.79,2.82,6.21,14.72,31.37,0.902546779,0.426511261,0.923244019,0.419955748,0.614897216,0.916980047,1.187802639,0.652246341,0.686636269,1.184975191,0.712649702,0.437750563,0.910624405,1.013258665,1.042181595,0.72427587,0.990782692,0.450249108,0.7930916,1.16790781,1.496514519
BMNH 1917.6.1.15,"Isla Ella, Delta del Parana",Buenos Aires,Argentina,-58.7905006,-33.7895012,ARG,PA,-58.66,-34.57,193,187,51,20,7.54,2.61,8.1,2.43,3.96,8.41,16.19,4.06,4.66,16.17,4.99,3.07,8.41,9.43,10.69,5.36,11.99,2.78,6.15,16,29.42,0.877371346,0.416640507,0.908485019,0.385606274,0.597695186,0.924795996,1.209246849,0.608526034,0.668385917,1.20871002,0.698100546,0.487138375,0.924795996,0.974511693,1.028977705,0.72916479,1.078819183,0.444044796,0.788875116,1.204119983,1.468642668
MACN 20333,"Delta I.N.T.A, Buenos Aires",Buenos Aires,Argentina,-58.7905006,-33.7895012,ARG,PA,-58.66,-34.57,,,,,7.58,2.23,7.34,2.4,3.41,8.23,14.36,3.92,4.67,16.46,4.66,2.43,8.6,9.48,7.69,5.07,11,1.57,5.29,13.94,26.98,0.879669206,0.348304863,0.86569606,0.380211242,0.532754379,0.915399835,1.15715444,0.593286067,0.669316881,1.216429831,0.668385917,0.385606274,0.934498451,0.976808337,0.88592634,0.705007959,1.041392685,0.195899652,0.723455672,1.144262774,1.431041945
MACN 20388,"Otamendi, I.N.T.A- Delta, Buenos Aires",Buenos Aires,Argentina,-57.849998,-38.116669,ARG,PA,-58.66,-34.57,,,,,7.97,2.5,9.37,2.99,4.53,9.61,18.44,4.16,5.31,16.84,5.91,3.07,9.08,11.05,10.43,5.61,10.23,2.47,6.27,15.29,33.44,0.901458321,0.397940009,0.971739591,0.475671188,0.656098202,0.982723388,1.265760917,0.619093331,0.725094521,1.226342087,0.771587481,0.487138375,0.958085849,1.043362278,1.018284308,0.748962861,1.009875634,0.392696953,0.797267541,1.184407485,1.524266269
MACN 18661,Delta I.N.T.A,Buenos Aires,Argentina,-58.7905006,-33.7895012,ARG,PA,-58.66,-34.57,165,150,43,21,7.53,2.25,6.74,2.6,3.17,7.84,13.61,4.01,4.71,16.75,4.33,2.34,9.35,9.31,8.13,4.84,11.24,2.65,6.21,14.05,27.83,0.876794976,0.352182518,0.828659897,0.414973348,0.501059262,0.894316063,1.133858125,0.603144373,0.673020907,1.224014811,0.636487896,0.369215857,0.970811611,0.968949681,0.910090546,0.684845362,1.050766311,0.423245874,0.7930916,1.147676324,1.444513206
MACN 5386,Zelaya,Buenos Aires,Argentina,-58.871094,-34.370141,ARG,PA,-58.66,-34.57,,185,51,21,7.76,2.42,7.77,2.43,3.59,8.44,15,3.79,4.66,17.39,5.33,2.83,8.88,9.68,10.13,5.72,10.61,2.43,5.92,15.81,29.43,0.889861721,0.383815366,0.890421019,0.385606274,0.555094449,0.926342447,1.176091259,0.57863921,0.668385917,1.240299582,0.726727209,0.451786436,0.948412966,0.985875357,1.005609445,0.757396029,1.025715384,0.385606274,0.772321707,1.19893187,1.468790262
MACN 18601,"Parque Nacional El Palmar, Entre Rios",Entre Rios,Argentina,-58.2218742,-31.8609115,ARG,PA,-58.66,-34.57,,122.18,45.22,18.38,7.45,2.4,7.2,2.94,3.15,8.36,13.66,3.56,4.87,16.56,4.96,2.36,8.7,9.26,8.42,5.04,10.61,2.09,5.3,14.51,27.28,0.872156273,0.380211242,0.857332496,0.46834733,0.498310554,0.922206277,1.135450699,0.551449998,0.687528961,1.219060332,0.695481676,0.372912003,0.939519253,0.966610987,0.925312091,0.702430536,1.025715384,0.320146286,0.72427587,1.161667412,1.435844366
UMMZ 166268,"6 KM S (BY ROAD) OF PUERTO IBICUY, 33 DEG 47' S, 59 DEG 10' W",Entre Rios,Argentina,-59.16667,-33.78333,ARG,PA,-58.66,-34.57,,,,,7.71,2.47,8.74,2.51,3.78,10.43,16.06,3.55,4.75,16.68,5.27,2.55,8.85,9.78,9.82,5.42,11.85,2.54,6.46,16.68,32.57,0.887054378,0.392696953,0.941511433,0.399673721,0.5774918,1.018284308,1.205745541,0.550228353,0.67669361,1.222196046,0.721810615,0.40654018,0.946943271,0.990338855,0.992111488,0.733999287,1.07371835,0.404833717,0.810232518,1.222196046,1.512817759
UMMZ 166395,"6 KM S (BY ROAD) OF PUERTO IBICUY, 33 DEG 47' S, 59 DEG 10' W",Entre Rios,Argentina,-59.16667,-33.78333,ARG,PA,-58.66,-34.57,,,,,7.54,2.53,8.61,2.76,3.63,8.87,15.28,3.47,5.03,16.07,4.95,2.47,8.93,9.23,8.97,5.53,12.34,2.92,5.35,15.22,29.71,0.877371346,0.403120521,0.935003151,0.440909082,0.559906625,0.94792362,1.184123354,0.540329475,0.701567985,1.206015877,0.694605199,0.392696953,0.950851459,0.965201701,0.952792443,0.742725131,1.09131516,0.465382851,0.728353782,1.182414652,1.472902652
BMNH 1888.11.30.9,Lagoa dos Patos,Rio Grande do Sul,Brasil,-54.6,-30.99,RS-UR,PA,-54.86,-32.68,,,,,7.81,2.51,8.34,2.46,4.02,8.79,16.69,4.17,5.15,16.85,5.87,2.33,8.63,9.74,11.55,5.59,11.72,2.76,7.33,15.87,31.12,0.892651034,0.399673721,0.921166051,0.390935107,0.604226053,0.943988875,1.222456337,0.620136055,0.711807229,1.226599905,0.768638101,0.367355921,0.936010796,0.988558957,1.062581984,0.747411808,1.068927612,0.440909082,0.865103975,1.200576927,1.493039588
MNHN 722,"Ba_ado Tropa vieja, Atl_ntida, Canelones",,,-55.75,-34.73,RS-UR,PA,-54.86,-32.68,,,,,8.26,2.46,9.43,3.73,3.95,8.2,18.7,5.03,5.09,17.88,5.63,2.64,9.03,10.12,10.64,6.4,11.32,3.18,5.98,15.94,32.48,0.916980047,0.390935107,0.974511693,0.571708832,0.596597096,0.913813852,1.271841607,0.701567985,0.706717782,1.252367514,0.750508395,0.421603927,0.95568775,1.005180513,1.026941628,0.806179974,1.053846427,0.50242712,0.776701184,1.202488317,1.511616021
MNHN 725,"Ba_ado Tropa vieja, Atl_ntida, Canelones",,,-55.75,-34.73,RS-UR,PA,-54.86,-32.68,,213,52,20,7.67,2.62,8.15,3.03,4.26,9.09,17.3,4.04,4.98,17.26,5.57,2.78,9.16,11.36,9.48,5.38,12.4,2.99,5.95,16.22,32.04,0.884795364,0.418301291,0.911157609,0.481442629,0.629409599,0.958563883,1.238046103,0.606381365,0.697229343,1.237040791,0.745855195,0.444044796,0.961895474,1.055378331,0.976808337,0.730782276,1.093421685,0.475671188,0.774516966,1.21005085,1.505692507
MNHN 743,"Ba_ado Tropa vieja, Atl_ntida, Canelones",,,-55.75,-34.73,RS-UR,PA,-54.86,-32.68,,207,52,21,7.99,2.66,8.44,2.78,4.03,9.02,17.05,3.72,5.28,16.58,5.8,3,8.87,10.46,9.34,5.59,10.86,3.09,6.5,15.97,31.28,0.902546779,0.424881637,0.926342447,0.444044796,0.605305046,0.955206538,1.231724383,0.57054294,0.722633923,1.219584526,0.763427994,0.477121255,0.94792362,1.019531685,0.970346876,0.747411808,1.035829825,0.489958479,0.812913357,1.203304916,1.495266744
MNHN 1032,"Ba_ado Tropa vieja, Atl_ntida, Canelones",,,-55.75,-34.73,RS-UR,PA,-54.86,-32.68,218,212,56,21,8.13,2.58,8.22,2.67,4.39,9.45,16,3.43,4.14,16.9,6.49,3.01,9.32,11.31,10.03,5.5,11.19,3.14,6.47,16.59,33.07,0.910090546,0.411619706,0.914871818,0.426511261,0.64246452,0.975431809,1.204119983,0.53529412,0.617000341,1.227886705,0.812244697,0.478566496,0.969415912,1.053462605,1.001300933,0.740362689,1.048830087,0.496929648,0.810904281,1.219846386,1.519434195
MNHN 1036,"Ba_ado Tropa vieja, Atl_ntida, Canelones",,,-55.75,-34.73,RS-UR,PA,-54.86,-32.68,,,,,7.78,2.69,7.69,2.67,4,9.22,16.24,4.18,4.69,17.42,6.34,2.74,9.11,11.29,10.02,5.06,11.71,3.32,6.39,14.93,31.32,0.890979597,0.42975228,0.88592634,0.426511261,0.602059991,0.964730921,1.210586025,0.621176282,0.671172843,1.241048151,0.802089258,0.437750563,0.959518377,1.052693942,1.000867722,0.704150517,1.068556895,0.521138084,0.805500858,1.174059808,1.495821753
MNHN 1051,"Ba_ado Tropa vieja, Atl_ntida, Canelones",,,-55.75,-34.73,RS-UR,PA,-54.86,-32.68,197,190,48,22,8.05,2.57,7.98,2.75,4.31,8.75,15.28,4,5.26,17.17,5.27,2.68,8.56,10.41,9.14,5.39,12.91,3.09,6.21,15.98,29.55,0.90579588,0.409933123,0.902002891,0.439332694,0.63447727,0.942008053,1.184123354,0.602059991,0.720985744,1.234770295,0.721810615,0.428134794,0.932473765,1.01745073,0.960946196,0.731588765,1.110926242,0.489958479,0.7930916,1.203576775,1.470557485
MNHN 1413,"Ba_ado Tropa vieja, Atl_ntida, Canelones",,,-55.75,-34.73,RS-UR,PA,-54.86,-32.68,216,212,51,20,7.87,2.38,8.34,2.88,4.18,9.1,16.13,4.02,4.43,16.85,6.08,2.84,8.87,10.49,9.29,5.46,12.2,2.72,6.53,15.97,31.74,0.895974732,0.376576957,0.921166051,0.459392488,0.621176282,0.959041392,1.207634367,0.604226053,0.646403726,1.226599905,0.783903579,0.45331834,0.94792362,1.020775488,0.968015714,0.737192643,1.086359831,0.434568904,0.814913181,1.203304916,1.501606922
MNHN 838,Arrocera San Pedro (San Gregorio),Artigas,,-57.85,-30.55,RS-UR,PA,-54.86,-32.68,,195,49,21,7.48,2.21,7.74,2.29,3.1,7.97,13.39,3.39,4.66,16.52,4.8,2.29,8.82,8.72,8.23,5.02,10.35,2.34,6.38,14.92,27.56,0.873901598,0.344392274,0.888740961,0.359835482,0.491361694,0.901458321,1.126780577,0.530199698,0.668385917,1.218010043,0.681241237,0.359835482,0.945468585,0.940516485,0.915399835,0.700703717,1.01494035,0.369215857,0.804820679,1.173768823,1.440279213
MNHN 1415,"Escuela Concordia, ",Soriano,,-58.42,-33.56,RS-UR,PA,-54.86,-32.68,172,197,49,23,8.07,2.48,7.54,2.62,3.89,8.73,14.67,3.26,4.31,16.49,5.84,2.58,9.4,10.03,9.24,5.05,10.31,2.62,5.76,14.61,29.27,0.906873535,0.394451681,0.877371346,0.418301291,0.589949601,0.941014244,1.166430114,0.5132176,0.63447727,1.217220656,0.766412847,0.411619706,0.973127854,1.001300933,0.965671971,0.703291378,1.013258665,0.418301291,0.760422483,1.164650216,1.466422722
MNHN 1424,"Escuela Concordia, ",Soriano,,-58.42,-33.56,RS-UR,PA,-54.86,-32.68,210,230,52,26.5,7.95,2.57,8.19,2.75,4.84,9.31,16.8,4.51,5.21,18.51,5.7,3.15,9.64,11.31,10.67,5.6,12.62,3.04,6.92,16.54,32.62,0.900367129,0.409933123,0.913283902,0.439332694,0.684845362,0.968949681,1.225309282,0.654176542,0.716837723,1.267406419,0.755874856,0.498310554,0.984077034,1.053462605,1.028164419,0.748188027,1.101059355,0.482873584,0.840106094,1.218535505,1.513483957